material_id,plant_id,movement_timestamp,movement_type,quantity
1,1,2026-01-01 08:00:00,INITIAL_STOCK,850.000
2,1,2026-01-01 08:00:00,INITIAL_STOCK,700.000
3,1,2026-01-01 08:00:00,INITIAL_STOCK,520.000
4,1,2026-01-01 08:00:00,INITIAL_STOCK,450.000
5,1,2026-01-01 08:00:00,INITIAL_STOCK,380.000
6,1,2026-01-01 08:00:00,INITIAL_STOCK,320.000
7,2,2026-01-01 08:00:00,INITIAL_STOCK,1000.000
8,2,2026-01-01 08:00:00,INITIAL_STOCK,850.000
9,2,2026-01-01 08:00:00,INITIAL_STOCK,650.000
10,2,2026-01-01 08:00:00,INITIAL_STOCK,560.000
11,2,2026-01-01 08:00:00,INITIAL_STOCK,480.000
12,2,2026-01-01 08:00:00,INITIAL_STOCK,400.000
