order_number,customer_id,plant_id,order_date,requested_delivery_date,order_status
SO-2026-0001,1,1,2026-01-12,2026-01-22,COMPLETED
SO-2026-0002,2,1,2026-01-19,2026-01-31,COMPLETED
SO-2026-0003,3,2,2026-01-27,2026-02-06,COMPLETED
SO-2026-0004,4,2,2026-02-05,2026-02-19,COMPLETED
SO-2026-0005,5,1,2026-02-15,2026-02-25,COMPLETED
SO-2026-0006,6,2,2026-02-26,2026-03-10,COMPLETED
SO-2026-0007,7,1,2026-03-09,2026-03-19,COMPLETED
SO-2026-0008,8,2,2026-03-21,2026-04-04,COMPLETED
SO-2026-0009,1,1,2026-04-03,2026-04-13,COMPLETED
SO-2026-0010,3,2,2026-04-16,2026-04-28,COMPLETED
SO-2026-0011,2,1,2026-04-30,2026-05-10,COMPLETED
SO-2026-0012,4,2,2026-05-13,2026-05-27,COMPLETED
SO-2026-0013,5,1,2026-05-28,2026-06-09,PARTIALLY_DELIVERED
SO-2026-0014,6,2,2026-06-11,2026-06-21,COMPLETED
SO-2026-0015,7,1,2026-06-25,2026-07-09,PARTIALLY_DELIVERED
SO-2026-0016,8,2,2026-07-08,2026-07-20,COMPLETED
SO-2026-0017,1,1,2026-07-21,2026-08-04,IN_PROGRESS
SO-2026-0018,3,2,2026-08-01,2026-08-15,PARTIALLY_DELIVERED
SO-2026-0019,2,1,2026-08-11,2026-08-27,IN_PROGRESS
SO-2026-0020,4,2,2026-08-19,2026-09-04,CREATED
