sales_order_id,material_id,ordered_quantity,delivered_quantity,unit_price
1,1,400.000,400.000,12.50
1,3,180.000,180.000,22.50
2,2,300.000,300.000,16.00
2,5,120.000,120.000,34.00
3,7,500.000,500.000,12.50
3,9,220.000,220.000,22.50
4,8,350.000,350.000,16.00
4,12,100.000,100.000,39.50
5,1,450.000,450.000,12.50
5,4,160.000,160.000,27.00
6,7,600.000,600.000,12.50
6,10,180.000,180.000,27.00
7,2,260.000,260.000,16.00
7,6,110.000,110.000,39.50
8,8,420.000,420.000,16.00
8,11,140.000,140.000,34.00
9,1,520.000,520.000,12.50
9,3,200.000,200.000,22.50
10,7,550.000,550.000,12.50
10,12,120.000,120.000,39.50
11,2,310.000,310.000,16.00
12,9,280.000,280.000,22.50
12,10,190.000,190.000,27.00
13,1,600.000,450.000,12.50
13,5,180.000,180.000,34.00
14,8,480.000,480.000,16.00
14,11,160.000,160.000,34.00
15,3,300.000,180.000,22.50
15,6,150.000,150.000,39.50
16,7,650.000,650.000,12.50
16,9,240.000,240.000,22.50
17,2,500.000,150.000,16.00
17,4,220.000,0.000,27.00
18,8,520.000,300.000,16.00
18,12,140.000,140.000,39.50
19,1,700.000,100.000,12.50
19,5,250.000,0.000,34.00
20,7,800.000,0.000,12.50
20,10,300.000,0.000,27.00
